idHotel	photoUrl
0	https://images.unsplash.com/photo-1566073771259-6a8506099945?auto=format&fit=crop&w=1200&q=80
0	https://images.unsplash.com/photo-1551882547-ff40c63fe5fa?auto=format&fit=crop&w=1200&q=80
0	https://images.unsplash.com/photo-1542314831-068cd1dbfeeb?auto=format&fit=crop&w=1200&q=80
1	https://images.unsplash.com/photo-1551882547-ff40c63fe5fa?auto=format&fit=crop&w=1200&q=80
1	https://images.unsplash.com/photo-1542314831-068cd1dbfeeb?auto=format&fit=crop&w=1200&q=80
1	https://images.unsplash.com/photo-1500530855697-b586d89ba3ee?auto=format&fit=crop&w=1200&q=80
2	https://images.unsplash.com/photo-1542314831-068cd1dbfeeb?auto=format&fit=crop&w=1200&q=80
2	https://images.unsplash.com/photo-1500530855697-b586d89ba3ee?auto=format&fit=crop&w=1200&q=80
2	https://images.unsplash.com/photo-1507525428034-b723cf961d3e?auto=format&fit=crop&w=1200&q=80
3	https://images.unsplash.com/photo-1500530855697-b586d89ba3ee?auto=format&fit=crop&w=1200&q=80
3	https://images.unsplash.com/photo-1507525428034-b723cf961d3e?auto=format&fit=crop&w=1200&q=80
3	https://images.unsplash.com/photo-1520250497591-112f2f40a3f4?auto=format&fit=crop&w=1200&q=80
4	https://images.unsplash.com/photo-1507525428034-b723cf961d3e?auto=format&fit=crop&w=1200&q=80
4	https://images.unsplash.com/photo-1520250497591-112f2f40a3f4?auto=format&fit=crop&w=1200&q=80
4	https://images.unsplash.com/photo-1566073771259-6a8506099945?auto=format&fit=crop&w=1200&q=80
5	https://images.unsplash.com/photo-1520250497591-112f2f40a3f4?auto=format&fit=crop&w=1200&q=80
5	https://images.unsplash.com/photo-1566073771259-6a8506099945?auto=format&fit=crop&w=1200&q=80
5	https://images.unsplash.com/photo-1551882547-ff40c63fe5fa?auto=format&fit=crop&w=1200&q=80
6	https://images.unsplash.com/photo-1566073771259-6a8506099945?auto=format&fit=crop&w=1200&q=80
6	https://images.unsplash.com/photo-1551882547-ff40c63fe5fa?auto=format&fit=crop&w=1200&q=80
6	https://images.unsplash.com/photo-1542314831-068cd1dbfeeb?auto=format&fit=crop&w=1200&q=80
7	https://images.unsplash.com/photo-1551882547-ff40c63fe5fa?auto=format&fit=crop&w=1200&q=80
7	https://images.unsplash.com/photo-1542314831-068cd1dbfeeb?auto=format&fit=crop&w=1200&q=80
7	https://images.unsplash.com/photo-1500530855697-b586d89ba3ee?auto=format&fit=crop&w=1200&q=80
8	https://images.unsplash.com/photo-1542314831-068cd1dbfeeb?auto=format&fit=crop&w=1200&q=80
8	https://images.unsplash.com/photo-1500530855697-b586d89ba3ee?auto=format&fit=crop&w=1200&q=80
8	https://images.unsplash.com/photo-1507525428034-b723cf961d3e?auto=format&fit=crop&w=1200&q=80
9	https://images.unsplash.com/photo-1500530855697-b586d89ba3ee?auto=format&fit=crop&w=1200&q=80
9	https://images.unsplash.com/photo-1507525428034-b723cf961d3e?auto=format&fit=crop&w=1200&q=80
9	https://images.unsplash.com/photo-1520250497591-112f2f40a3f4?auto=format&fit=crop&w=1200&q=80
10	https://images.unsplash.com/photo-1507525428034-b723cf961d3e?auto=format&fit=crop&w=1200&q=80
10	https://images.unsplash.com/photo-1520250497591-112f2f40a3f4?auto=format&fit=crop&w=1200&q=80
10	https://images.unsplash.com/photo-1566073771259-6a8506099945?auto=format&fit=crop&w=1200&q=80
11	https://images.unsplash.com/photo-1520250497591-112f2f40a3f4?auto=format&fit=crop&w=1200&q=80
11	https://images.unsplash.com/photo-1566073771259-6a8506099945?auto=format&fit=crop&w=1200&q=80
11	https://images.unsplash.com/photo-1551882547-ff40c63fe5fa?auto=format&fit=crop&w=1200&q=80
12	https://images.unsplash.com/photo-1566073771259-6a8506099945?auto=format&fit=crop&w=1200&q=80
12	https://images.unsplash.com/photo-1551882547-ff40c63fe5fa?auto=format&fit=crop&w=1200&q=80
12	https://images.unsplash.com/photo-1542314831-068cd1dbfeeb?auto=format&fit=crop&w=1200&q=80
13	https://images.unsplash.com/photo-1551882547-ff40c63fe5fa?auto=format&fit=crop&w=1200&q=80
13	https://images.unsplash.com/photo-1542314831-068cd1dbfeeb?auto=format&fit=crop&w=1200&q=80
13	https://images.unsplash.com/photo-1500530855697-b586d89ba3ee?auto=format&fit=crop&w=1200&q=80
14	https://images.unsplash.com/photo-1542314831-068cd1dbfeeb?auto=format&fit=crop&w=1200&q=80
14	https://images.unsplash.com/photo-1500530855697-b586d89ba3ee?auto=format&fit=crop&w=1200&q=80
14	https://images.unsplash.com/photo-1507525428034-b723cf961d3e?auto=format&fit=crop&w=1200&q=80
15	https://images.unsplash.com/photo-1500530855697-b586d89ba3ee?auto=format&fit=crop&w=1200&q=80
15	https://images.unsplash.com/photo-1507525428034-b723cf961d3e?auto=format&fit=crop&w=1200&q=80
15	https://images.unsplash.com/photo-1520250497591-112f2f40a3f4?auto=format&fit=crop&w=1200&q=80
16	https://images.unsplash.com/photo-1507525428034-b723cf961d3e?auto=format&fit=crop&w=1200&q=80
16	https://images.unsplash.com/photo-1520250497591-112f2f40a3f4?auto=format&fit=crop&w=1200&q=80
16	https://images.unsplash.com/photo-1566073771259-6a8506099945?auto=format&fit=crop&w=1200&q=80
17	https://images.unsplash.com/photo-1520250497591-112f2f40a3f4?auto=format&fit=crop&w=1200&q=80
17	https://images.unsplash.com/photo-1566073771259-6a8506099945?auto=format&fit=crop&w=1200&q=80
17	https://images.unsplash.com/photo-1551882547-ff40c63fe5fa?auto=format&fit=crop&w=1200&q=80
18	https://images.unsplash.com/photo-1566073771259-6a8506099945?auto=format&fit=crop&w=1200&q=80
18	https://images.unsplash.com/photo-1551882547-ff40c63fe5fa?auto=format&fit=crop&w=1200&q=80
18	https://images.unsplash.com/photo-1542314831-068cd1dbfeeb?auto=format&fit=crop&w=1200&q=80
19	https://images.unsplash.com/photo-1551882547-ff40c63fe5fa?auto=format&fit=crop&w=1200&q=80
19	https://images.unsplash.com/photo-1542314831-068cd1dbfeeb?auto=format&fit=crop&w=1200&q=80
19	https://images.unsplash.com/photo-1500530855697-b586d89ba3ee?auto=format&fit=crop&w=1200&q=80
20	https://images.unsplash.com/photo-1542314831-068cd1dbfeeb?auto=format&fit=crop&w=1200&q=80
20	https://images.unsplash.com/photo-1500530855697-b586d89ba3ee?auto=format&fit=crop&w=1200&q=80
20	https://images.unsplash.com/photo-1507525428034-b723cf961d3e?auto=format&fit=crop&w=1200&q=80
21	https://images.unsplash.com/photo-1500530855697-b586d89ba3ee?auto=format&fit=crop&w=1200&q=80
21	https://images.unsplash.com/photo-1507525428034-b723cf961d3e?auto=format&fit=crop&w=1200&q=80
21	https://images.unsplash.com/photo-1520250497591-112f2f40a3f4?auto=format&fit=crop&w=1200&q=80
22	https://images.unsplash.com/photo-1507525428034-b723cf961d3e?auto=format&fit=crop&w=1200&q=80
22	https://images.unsplash.com/photo-1520250497591-112f2f40a3f4?auto=format&fit=crop&w=1200&q=80
22	https://images.unsplash.com/photo-1566073771259-6a8506099945?auto=format&fit=crop&w=1200&q=80
23	https://images.unsplash.com/photo-1520250497591-112f2f40a3f4?auto=format&fit=crop&w=1200&q=80
23	https://images.unsplash.com/photo-1566073771259-6a8506099945?auto=format&fit=crop&w=1200&q=80
23	https://images.unsplash.com/photo-1551882547-ff40c63fe5fa?auto=format&fit=crop&w=1200&q=80
24	https://images.unsplash.com/photo-1566073771259-6a8506099945?auto=format&fit=crop&w=1200&q=80
24	https://images.unsplash.com/photo-1551882547-ff40c63fe5fa?auto=format&fit=crop&w=1200&q=80
24	https://images.unsplash.com/photo-1542314831-068cd1dbfeeb?auto=format&fit=crop&w=1200&q=80
25	https://images.unsplash.com/photo-1551882547-ff40c63fe5fa?auto=format&fit=crop&w=1200&q=80
25	https://images.unsplash.com/photo-1542314831-068cd1dbfeeb?auto=format&fit=crop&w=1200&q=80
25	https://images.unsplash.com/photo-1500530855697-b586d89ba3ee?auto=format&fit=crop&w=1200&q=80
26	https://images.unsplash.com/photo-1542314831-068cd1dbfeeb?auto=format&fit=crop&w=1200&q=80
26	https://images.unsplash.com/photo-1500530855697-b586d89ba3ee?auto=format&fit=crop&w=1200&q=80
26	https://images.unsplash.com/photo-1507525428034-b723cf961d3e?auto=format&fit=crop&w=1200&q=80
27	https://images.unsplash.com/photo-1500530855697-b586d89ba3ee?auto=format&fit=crop&w=1200&q=80
27	https://images.unsplash.com/photo-1507525428034-b723cf961d3e?auto=format&fit=crop&w=1200&q=80
27	https://images.unsplash.com/photo-1520250497591-112f2f40a3f4?auto=format&fit=crop&w=1200&q=80
28	https://images.unsplash.com/photo-1507525428034-b723cf961d3e?auto=format&fit=crop&w=1200&q=80
28	https://images.unsplash.com/photo-1520250497591-112f2f40a3f4?auto=format&fit=crop&w=1200&q=80
28	https://images.unsplash.com/photo-1566073771259-6a8506099945?auto=format&fit=crop&w=1200&q=80
29	https://images.unsplash.com/photo-1520250497591-112f2f40a3f4?auto=format&fit=crop&w=1200&q=80
29	https://images.unsplash.com/photo-1566073771259-6a8506099945?auto=format&fit=crop&w=1200&q=80
29	https://images.unsplash.com/photo-1551882547-ff40c63fe5fa?auto=format&fit=crop&w=1200&q=80
30	https://images.unsplash.com/photo-1566073771259-6a8506099945?auto=format&fit=crop&w=1200&q=80
30	https://images.unsplash.com/photo-1551882547-ff40c63fe5fa?auto=format&fit=crop&w=1200&q=80
30	https://images.unsplash.com/photo-1542314831-068cd1dbfeeb?auto=format&fit=crop&w=1200&q=80
31	https://images.unsplash.com/photo-1551882547-ff40c63fe5fa?auto=format&fit=crop&w=1200&q=80
31	https://images.unsplash.com/photo-1542314831-068cd1dbfeeb?auto=format&fit=crop&w=1200&q=80
31	https://images.unsplash.com/photo-1500530855697-b586d89ba3ee?auto=format&fit=crop&w=1200&q=80
32	https://images.unsplash.com/photo-1542314831-068cd1dbfeeb?auto=format&fit=crop&w=1200&q=80
32	https://images.unsplash.com/photo-1500530855697-b586d89ba3ee?auto=format&fit=crop&w=1200&q=80
32	https://images.unsplash.com/photo-1507525428034-b723cf961d3e?auto=format&fit=crop&w=1200&q=80
33	https://images.unsplash.com/photo-1500530855697-b586d89ba3ee?auto=format&fit=crop&w=1200&q=80
33	https://images.unsplash.com/photo-1507525428034-b723cf961d3e?auto=format&fit=crop&w=1200&q=80
33	https://images.unsplash.com/photo-1520250497591-112f2f40a3f4?auto=format&fit=crop&w=1200&q=80
34	https://images.unsplash.com/photo-1507525428034-b723cf961d3e?auto=format&fit=crop&w=1200&q=80
34	https://images.unsplash.com/photo-1520250497591-112f2f40a3f4?auto=format&fit=crop&w=1200&q=80
34	https://images.unsplash.com/photo-1566073771259-6a8506099945?auto=format&fit=crop&w=1200&q=80
35	https://images.unsplash.com/photo-1520250497591-112f2f40a3f4?auto=format&fit=crop&w=1200&q=80
35	https://images.unsplash.com/photo-1566073771259-6a8506099945?auto=format&fit=crop&w=1200&q=80
35	https://images.unsplash.com/photo-1551882547-ff40c63fe5fa?auto=format&fit=crop&w=1200&q=80
36	https://images.unsplash.com/photo-1566073771259-6a8506099945?auto=format&fit=crop&w=1200&q=80
36	https://images.unsplash.com/photo-1551882547-ff40c63fe5fa?auto=format&fit=crop&w=1200&q=80
36	https://images.unsplash.com/photo-1542314831-068cd1dbfeeb?auto=format&fit=crop&w=1200&q=80
37	https://images.unsplash.com/photo-1551882547-ff40c63fe5fa?auto=format&fit=crop&w=1200&q=80
37	https://images.unsplash.com/photo-1542314831-068cd1dbfeeb?auto=format&fit=crop&w=1200&q=80
37	https://images.unsplash.com/photo-1500530855697-b586d89ba3ee?auto=format&fit=crop&w=1200&q=80
38	https://images.unsplash.com/photo-1542314831-068cd1dbfeeb?auto=format&fit=crop&w=1200&q=80
38	https://images.unsplash.com/photo-1500530855697-b586d89ba3ee?auto=format&fit=crop&w=1200&q=80
38	https://images.unsplash.com/photo-1507525428034-b723cf961d3e?auto=format&fit=crop&w=1200&q=80
39	https://images.unsplash.com/photo-1500530855697-b586d89ba3ee?auto=format&fit=crop&w=1200&q=80
39	https://images.unsplash.com/photo-1507525428034-b723cf961d3e?auto=format&fit=crop&w=1200&q=80
39	https://images.unsplash.com/photo-1520250497591-112f2f40a3f4?auto=format&fit=crop&w=1200&q=80
40	https://images.unsplash.com/photo-1507525428034-b723cf961d3e?auto=format&fit=crop&w=1200&q=80
40	https://images.unsplash.com/photo-1520250497591-112f2f40a3f4?auto=format&fit=crop&w=1200&q=80
40	https://images.unsplash.com/photo-1566073771259-6a8506099945?auto=format&fit=crop&w=1200&q=80
41	https://images.unsplash.com/photo-1520250497591-112f2f40a3f4?auto=format&fit=crop&w=1200&q=80
41	https://images.unsplash.com/photo-1566073771259-6a8506099945?auto=format&fit=crop&w=1200&q=80
41	https://images.unsplash.com/photo-1551882547-ff40c63fe5fa?auto=format&fit=crop&w=1200&q=80
42	https://images.unsplash.com/photo-1566073771259-6a8506099945?auto=format&fit=crop&w=1200&q=80
42	https://images.unsplash.com/photo-1551882547-ff40c63fe5fa?auto=format&fit=crop&w=1200&q=80
42	https://images.unsplash.com/photo-1542314831-068cd1dbfeeb?auto=format&fit=crop&w=1200&q=80
43	https://images.unsplash.com/photo-1551882547-ff40c63fe5fa?auto=format&fit=crop&w=1200&q=80
43	https://images.unsplash.com/photo-1542314831-068cd1dbfeeb?auto=format&fit=crop&w=1200&q=80
43	https://images.unsplash.com/photo-1500530855697-b586d89ba3ee?auto=format&fit=crop&w=1200&q=80
44	https://images.unsplash.com/photo-1542314831-068cd1dbfeeb?auto=format&fit=crop&w=1200&q=80
44	https://images.unsplash.com/photo-1500530855697-b586d89ba3ee?auto=format&fit=crop&w=1200&q=80
44	https://images.unsplash.com/photo-1507525428034-b723cf961d3e?auto=format&fit=crop&w=1200&q=80
45	https://images.unsplash.com/photo-1500530855697-b586d89ba3ee?auto=format&fit=crop&w=1200&q=80
45	https://images.unsplash.com/photo-1507525428034-b723cf961d3e?auto=format&fit=crop&w=1200&q=80
45	https://images.unsplash.com/photo-1520250497591-112f2f40a3f4?auto=format&fit=crop&w=1200&q=80
46	https://images.unsplash.com/photo-1507525428034-b723cf961d3e?auto=format&fit=crop&w=1200&q=80
46	https://images.unsplash.com/photo-1520250497591-112f2f40a3f4?auto=format&fit=crop&w=1200&q=80
46	https://images.unsplash.com/photo-1566073771259-6a8506099945?auto=format&fit=crop&w=1200&q=80
47	https://images.unsplash.com/photo-1520250497591-112f2f40a3f4?auto=format&fit=crop&w=1200&q=80
47	https://images.unsplash.com/photo-1566073771259-6a8506099945?auto=format&fit=crop&w=1200&q=80
47	https://images.unsplash.com/photo-1551882547-ff40c63fe5fa?auto=format&fit=crop&w=1200&q=80
48	https://images.unsplash.com/photo-1566073771259-6a8506099945?auto=format&fit=crop&w=1200&q=80
48	https://images.unsplash.com/photo-1551882547-ff40c63fe5fa?auto=format&fit=crop&w=1200&q=80
48	https://images.unsplash.com/photo-1542314831-068cd1dbfeeb?auto=format&fit=crop&w=1200&q=80
49	https://images.unsplash.com/photo-1551882547-ff40c63fe5fa?auto=format&fit=crop&w=1200&q=80
49	https://images.unsplash.com/photo-1542314831-068cd1dbfeeb?auto=format&fit=crop&w=1200&q=80
49	https://images.unsplash.com/photo-1500530855697-b586d89ba3ee?auto=format&fit=crop&w=1200&q=80
50	https://images.unsplash.com/photo-1542314831-068cd1dbfeeb?auto=format&fit=crop&w=1200&q=80
50	https://images.unsplash.com/photo-1500530855697-b586d89ba3ee?auto=format&fit=crop&w=1200&q=80
50	https://images.unsplash.com/photo-1507525428034-b723cf961d3e?auto=format&fit=crop&w=1200&q=80
51	https://images.unsplash.com/photo-1500530855697-b586d89ba3ee?auto=format&fit=crop&w=1200&q=80
51	https://images.unsplash.com/photo-1507525428034-b723cf961d3e?auto=format&fit=crop&w=1200&q=80
51	https://images.unsplash.com/photo-1520250497591-112f2f40a3f4?auto=format&fit=crop&w=1200&q=80
52	https://images.unsplash.com/photo-1507525428034-b723cf961d3e?auto=format&fit=crop&w=1200&q=80
52	https://images.unsplash.com/photo-1520250497591-112f2f40a3f4?auto=format&fit=crop&w=1200&q=80
52	https://images.unsplash.com/photo-1566073771259-6a8506099945?auto=format&fit=crop&w=1200&q=80
53	https://images.unsplash.com/photo-1520250497591-112f2f40a3f4?auto=format&fit=crop&w=1200&q=80
53	https://images.unsplash.com/photo-1566073771259-6a8506099945?auto=format&fit=crop&w=1200&q=80
53	https://images.unsplash.com/photo-1551882547-ff40c63fe5fa?auto=format&fit=crop&w=1200&q=80
54	https://images.unsplash.com/photo-1566073771259-6a8506099945?auto=format&fit=crop&w=1200&q=80
54	https://images.unsplash.com/photo-1551882547-ff40c63fe5fa?auto=format&fit=crop&w=1200&q=80
54	https://images.unsplash.com/photo-1542314831-068cd1dbfeeb?auto=format&fit=crop&w=1200&q=80
55	https://images.unsplash.com/photo-1551882547-ff40c63fe5fa?auto=format&fit=crop&w=1200&q=80
55	https://images.unsplash.com/photo-1542314831-068cd1dbfeeb?auto=format&fit=crop&w=1200&q=80
55	https://images.unsplash.com/photo-1500530855697-b586d89ba3ee?auto=format&fit=crop&w=1200&q=80
56	https://images.unsplash.com/photo-1542314831-068cd1dbfeeb?auto=format&fit=crop&w=1200&q=80
56	https://images.unsplash.com/photo-1500530855697-b586d89ba3ee?auto=format&fit=crop&w=1200&q=80
56	https://images.unsplash.com/photo-1507525428034-b723cf961d3e?auto=format&fit=crop&w=1200&q=80
57	https://images.unsplash.com/photo-1500530855697-b586d89ba3ee?auto=format&fit=crop&w=1200&q=80
57	https://images.unsplash.com/photo-1507525428034-b723cf961d3e?auto=format&fit=crop&w=1200&q=80
57	https://images.unsplash.com/photo-1520250497591-112f2f40a3f4?auto=format&fit=crop&w=1200&q=80
58	https://images.unsplash.com/photo-1507525428034-b723cf961d3e?auto=format&fit=crop&w=1200&q=80
58	https://images.unsplash.com/photo-1520250497591-112f2f40a3f4?auto=format&fit=crop&w=1200&q=80
58	https://images.unsplash.com/photo-1566073771259-6a8506099945?auto=format&fit=crop&w=1200&q=80
59	https://images.unsplash.com/photo-1520250497591-112f2f40a3f4?auto=format&fit=crop&w=1200&q=80
59	https://images.unsplash.com/photo-1566073771259-6a8506099945?auto=format&fit=crop&w=1200&q=80
59	https://images.unsplash.com/photo-1551882547-ff40c63fe5fa?auto=format&fit=crop&w=1200&q=80
60	https://images.unsplash.com/photo-1566073771259-6a8506099945?auto=format&fit=crop&w=1200&q=80
60	https://images.unsplash.com/photo-1551882547-ff40c63fe5fa?auto=format&fit=crop&w=1200&q=80
60	https://images.unsplash.com/photo-1542314831-068cd1dbfeeb?auto=format&fit=crop&w=1200&q=80
61	https://images.unsplash.com/photo-1551882547-ff40c63fe5fa?auto=format&fit=crop&w=1200&q=80
61	https://images.unsplash.com/photo-1542314831-068cd1dbfeeb?auto=format&fit=crop&w=1200&q=80
61	https://images.unsplash.com/photo-1500530855697-b586d89ba3ee?auto=format&fit=crop&w=1200&q=80
62	https://images.unsplash.com/photo-1542314831-068cd1dbfeeb?auto=format&fit=crop&w=1200&q=80
62	https://images.unsplash.com/photo-1500530855697-b586d89ba3ee?auto=format&fit=crop&w=1200&q=80
62	https://images.unsplash.com/photo-1507525428034-b723cf961d3e?auto=format&fit=crop&w=1200&q=80
63	https://images.unsplash.com/photo-1500530855697-b586d89ba3ee?auto=format&fit=crop&w=1200&q=80
63	https://images.unsplash.com/photo-1507525428034-b723cf961d3e?auto=format&fit=crop&w=1200&q=80
63	https://images.unsplash.com/photo-1520250497591-112f2f40a3f4?auto=format&fit=crop&w=1200&q=80
64	https://images.unsplash.com/photo-1507525428034-b723cf961d3e?auto=format&fit=crop&w=1200&q=80
64	https://images.unsplash.com/photo-1520250497591-112f2f40a3f4?auto=format&fit=crop&w=1200&q=80
64	https://images.unsplash.com/photo-1566073771259-6a8506099945?auto=format&fit=crop&w=1200&q=80
65	https://images.unsplash.com/photo-1520250497591-112f2f40a3f4?auto=format&fit=crop&w=1200&q=80
65	https://images.unsplash.com/photo-1566073771259-6a8506099945?auto=format&fit=crop&w=1200&q=80
65	https://images.unsplash.com/photo-1551882547-ff40c63fe5fa?auto=format&fit=crop&w=1200&q=80
66	https://images.unsplash.com/photo-1566073771259-6a8506099945?auto=format&fit=crop&w=1200&q=80
66	https://images.unsplash.com/photo-1551882547-ff40c63fe5fa?auto=format&fit=crop&w=1200&q=80
66	https://images.unsplash.com/photo-1542314831-068cd1dbfeeb?auto=format&fit=crop&w=1200&q=80
67	https://images.unsplash.com/photo-1551882547-ff40c63fe5fa?auto=format&fit=crop&w=1200&q=80
67	https://images.unsplash.com/photo-1542314831-068cd1dbfeeb?auto=format&fit=crop&w=1200&q=80
67	https://images.unsplash.com/photo-1500530855697-b586d89ba3ee?auto=format&fit=crop&w=1200&q=80
