name	city
一间堡	长春市
一面坡	哈尔滨市
一面坡北	哈尔滨市
一面山	丹东市
七台河	七台河市
七甸	昆明市
七营	中卫市
七里河	锦州市
万乐	哈尔滨市
万发屯	绥化市
万宁	海南省-自治区直辖县级行政区划
万州	重庆市
万州北	重庆市
万年	上饶市
万源	达州市
三义井	赤峰市
三井子	松原市
三亚	三亚市
三元区	三明市
三关口	固原市
三十家	朝阳市
三十里堡	大连市
三原	咸阳市
三合庄	北京市
三堂集	阜阳市
三家寨	六盘水市
三家店	北京市
三明	三明市
三明北	三明市
三水	佛山市
三水北	佛山市
三水南	佛山市
三汇镇	达州市
三江南	柳州市
三江县	柳州市
三江口	铁岭市
三河县	廊坊市
三源浦	通化市
三穗	黔东南苗族侗族自治州
三营	固原市
三道湖	白山市
三都县	黔南布依族苗族自治州
三门县	台州市
三门峡	三门峡市
三门峡南	三门峡市
三门峡西	三门峡市
三间房	齐齐哈尔市
三阳	黄山市
三阳川	天水市
上万	北京市
上园	朝阳市
上杭	龙岩市
上板城	承德市
上板城南	承德市
上海	上海市
上海南	上海市
上海虹桥	上海市
上海西	上海市
上腰墩	武威市
上虞	绍兴市
上西铺	六盘水市
上饶	上饶市
上高镇	泰安市
下台子	承德市
下城子	牡丹江市
下板城	承德市
下社	忻州市
下花园	张家口市
下马塘	本溪市
世博园	沈阳市
东丰	辽源市
东乡	抚州市
东二道河	佳木斯市
东京城	牡丹江市
东光	沧州市
东升	中山市
东台	盐城市
东城南	东莞市
东安东	永州市
东岔	天水市
东庄	忻州市
东戌	邯郸市
东戴河	葫芦岛市
东方	海南省-自治区直辖县级行政区划
东方红	鸡西市
东明县	菏泽市
东明村	通辽市
东来	通辽市
东津	绥化市
东海	鸡西市
东海县	连云港市
东淤地	忻州市
东港北	丹东市
东湾	白银市
东胜	鄂尔多斯市
东胜东	鄂尔多斯市
东胜西	鄂尔多斯市
东至	池州市
东莞	东莞市
东莞东	东莞市
东营	东营市
东营南	东营市
东辛庄	葫芦岛市
东边井	绥化市
东通化	通化市
东镇	运城市
两家	白城市
两当	陇南市
中华门	南京市
中卫	中卫市
中和	齐齐哈尔市
中宁	中卫市
中宁东	中卫市
中宁南	中卫市
中寨	曲靖市
中山	中山市
中山北	中山市
中川机场	兰州市
中牟	郑州市
丰乐镇	双鸭山市
丰城	宜春市
丰城南	宜春市
丰水村	兰州市
丰都	重庆市
丰镇	乌兰察布市
丰顺	梅州市
临城	邢台市
临川	抚州市
临江	白山市
临汾	临汾市
临汾西	临汾市
临沂	临沂市
临沂东	临沂市
临河	巴彦淖尔市
临泽	张掖市
临泽南	张掖市
临海	台州市
临淄北	淄博市
临清	聊城市
临湘	岳阳市
临澧	常德市
临西	邢台市
临邑	德州市
临颍	漯河市
临高南	海南省-自治区直辖县级行政区划
丹东	丹东市
丹东西	丹东市
丹凤	商洛市
丹徒	镇江市
丹阳	镇江市
丹阳北	镇江市
丹霞山	韶关市
丽水	丽水市
丽江	丽江市
乃林	赤峰市
义乌	金华市
义县	锦州市
义县西	锦州市
义马	三门峡市
乌伊岭	伊春市
乌兰哈达	乌兰察布市
乌兰察布	乌兰察布市
乌兰木图	阜新市
乌兰浩特	兴安盟
乌奴耳	呼伦贝尔市
乌尔旗汗	呼伦贝尔市
乌拉山	巴彦淖尔市
乌拉特前旗	巴彦淖尔市
乌海	乌海市
乌海西	乌海市
乌苏	塔城地区
乌西	乌鲁木齐市
乌鲁木齐	乌鲁木齐市
乌鲁木齐南	乌鲁木齐市
乌龙泉南	武汉市
乐东	海南省-自治区直辖县级行政区划
乐善村	昆明市
乐山	乐山市
乐山北	乐山市
乐平市	景德镇市
乐昌	韶关市
乐昌东	韶关市
乐清	温州市
乐都	海东市
乐都南	海东市
乔庄东	北京市
九三	黑河市
九台	长春市
九台南	长春市
九江	九江市
九郎山	株洲市
乳山	威海市
乾县	咸阳市
乾安	松原市
二密河	通化市
二营	固原市
二连	锡林郭勒盟
二道沟门	承德市
二道湾	齐齐哈尔市
二龙	赤峰市
二龙山屯	黑河市
于都	赣州市
云东海	佛山市
云南驿	大理白族自治州
云居寺	北京市
云山	惠州市
云彩岭	大同市
云梦	孝感市
云浮东	云浮市
云霄	漳州市
五五	克拉玛依市
五原	巴彦淖尔市
五叉沟	兴安盟
五台山	忻州市
五大连池	黑河市
五女山	本溪市
五家	哈尔滨市
五寨	忻州市
五常	哈尔滨市
五府山	上饶市
五棵树	长春市
五莲	日照市
五营	伊春市
五通	桂林市
五道沟	通化市
五道河	承德市
五龙背	丹东市
五龙背东	丹东市
井冈山	吉安市
井南	石家庄市
井店	邯郸市
井陉	石家庄市
亚布力	哈尔滨市
亚布力南	哈尔滨市
亚布力西	哈尔滨市
亚龙湾	三亚市
交城	吕梁市
京山	荆门市
亭亮	崇左市
亮甲店	大连市
亳州	亳州市
什里店	邯郸市
仁布	日喀则市
介休	晋中市
介休东	晋中市
从江	黔东南苗族侗族自治州
仙人桥	白山市
仙林	南京市
仙桃西	湖北省-自治区直辖县级行政区划
仙游	莆田市
代县	忻州市
仪征	扬州市
仲恺	惠州市
任丘	沧州市
伊图里河	呼伦贝尔市
伊宁	伊犁哈萨克自治州
伊宁东	伊犁哈萨克自治州
伊尔施	兴安盟
伊拉哈	黑河市
伊敏	呼伦贝尔市
伊春	伊春市
伊林	牡丹江市
伊通	四平市
会同	怀化市
会昌北	赣州市
低庄	怀化市
低窝铺	酒泉市
余姚	宁波市
余姚北	宁波市
余杭	杭州市
余江	鹰潭市
余粮堡	通辽市
佛坪	汉中市
佛山	佛山市
佛山西	佛山市
佳木斯	佳木斯市
佳木斯西	佳木斯市
依兰	哈尔滨市
依安	齐齐哈尔市
侯马	临汾市
侯马西	临汾市
保定	保定市
保定东	保定市
保康	通辽市
信丰	赣州市
信宜	茂名市
信阳	信阳市
信阳东	信阳市
修文县	贵阳市
修武	焦作市
修武西	焦作市
倭肯	七台河市
偃师	洛阳市
偏岭	本溪市
偏店	邯郸市
元宝山	赤峰市
元氏	石家庄市
元谋	楚雄彝族自治州
先锋	长沙市
光山	信阳市
光明城	深圳市
光泽	南平市
克一河	呼伦贝尔市
克东	齐齐哈尔市
克山	齐齐哈尔市
克拉玛依	克拉玛依市
免渡河	呼伦贝尔市
兑镇	吕梁市
兖州	济宁市
全州南	桂林市
全椒	滁州市
八仙筒	通辽市
八方山	长沙市
八步	毕节市
八角台	锦州市
八达岭	北京市
八里甸子	本溪市
八面城	铁岭市
八面通	牡丹江市
公主岭	长春市
公主岭南	长春市
公庙子	巴彦淖尔市
公营子	朝阳市
六合	南京市
六合镇	齐齐哈尔市
六安	六安市
六枝	六盘水市
六盘山	固原市
六盘水	六盘水市
六道河子	承德市
兰岗	牡丹江市
兰州	兰州市
兰州东	兰州市
兰州新区	兰州市
兰州西	兰州市
兰棱	哈尔滨市
兰溪	金华市
兰考	开封市
兰考南	开封市
兰陵北	临沂市
共青城	九江市
关岭	安顺市
关林	洛阳市
兴业	玉林市
兴义	黔西南布依族苗族自治州
兴凯	鸡西市
兴和西	乌兰察布市
兴国	赣州市
兴城	葫芦岛市
兴宁	梅州市
兴安	桂林市
兴安北	桂林市
兴平	咸阳市
兴泉堡	白银市
兴隆县	承德市
兴隆店	沈阳市
兴隆镇	哈尔滨市
内乡	南阳市
内江	内江市
内江北	内江市
册亨	黔西南布依族苗族自治州
冕宁	凉山彝族自治州
军粮城北	天津市
农安	长春市
冠豸山	龙岩市
冯屯	齐齐哈尔市
冷水江东	娄底市
准东	昌吉回族自治州
准格尔	鄂尔多斯市
凌海	锦州市
凌源	朝阳市
凌源东	朝阳市
凤凰城	丹东市
凤凰机场	三亚市
凤县	宝鸡市
凤城东	丹东市
凤州	宝鸡市
凤阳	滁州市
凭祥	崇左市
凯里	黔东南苗族侗族自治州
凯里南	黔东南苗族侗族自治州
刀尔登	朝阳市
分宜	新余市
刘家店	长春市
刘家河	丹东市
创业村	大庆市
利川	恩施土家族苗族自治州
利津南	东营市
到保	白城市
前卫	葫芦岛市
前山	珠海市
前磨头	衡水市
前苇塘	承德市
前进镇	佳木斯市
前锋	佳木斯市
剑门关	广元市
加格达奇	大兴安岭地区
勃利	七台河市
勉县	汉中市
包头	包头市
包头东	包头市
化州	茂名市
化德	乌兰察布市
北井子	赤峰市
北京	北京市
北京东	北京市
北京北	北京市
北京南	北京市
北京西	北京市
北台	本溪市
北宅	北京市
北安	黑河市
北屯	保定市
北屯市	阿勒泰地区
北戴河	秦皇岛市
北流	玉林市
北海	北海市
北滘	佛山市
北碚	重庆市
北票	朝阳市
北票南	朝阳市
北营	太原市
北马圈子	承德市
十堰	十堰市
十家子	阜新市
十渡	北京市
千岛湖	杭州市
千河	宝鸡市
千阳	宝鸡市
午汲	邯郸市
华城	梅州市
华家	长春市
华容	鄂州市
华容东	鄂州市
华容南	鄂州市
华山	渭南市
华山北	渭南市
华蓥	广安市
卓资东	乌兰察布市
卓资山	乌兰察布市
南丰	抚州市
南丹	河池市
南京	南京市
南京南	南京市
南仇	淄博市
南充	南充市
南充北	南充市
南关岭	大连市
南华	楚雄彝族自治州
南华北	楚雄彝族自治州
南博山	淄博市
南口	北京市
南口前	抚顺市
南召	南阳市
南台	鞍山市
南城	抚州市
南城司	保定市
南堡北	唐山市
南大庙	承德市
南头	中山市
南宁	南宁市
南宁东	南宁市
南宁西	南宁市
南宫东	邢台市
南岔	伊春市
南峪	石家庄市
南平	南平市
南平北	南平市
南平南	南平市
南昌	南昌市
南昌西	南昌市
南曹	郑州市
南朗	中山市
南木	呼伦贝尔市
南杂木	抚顺市
南桥	葫芦岛市
南江	巴中市
南江口	云浮市
南河川	天水市
南湖东	武汉市
南湾子	承德市
南翔北	上海市
南芬	本溪市
南芬北	本溪市
南观村	北京市
南通	南通市
南部	南充市
南阳	南阳市
南阳寨	郑州市
南陵	芜湖市
南雄	韶关市
南靖	漳州市
博乐	博尔塔拉蒙古自治州
博克图	呼伦贝尔市
博兴	滨州市
博白	玉林市
博鳌	海南省-自治区直辖县级行政区划
卢龙	秦皇岛市
卧里屯	大庆市
卫东	兴安盟
卫星	鸡西市
卫辉	新乡市
即墨北	青岛市
原平	忻州市
原平西	忻州市
厦  门	厦门市
厦门	厦门市
厦门北	厦门市
厦门高崎	厦门市
友好	伊春市
双丰	伊春市
双吉	吉林省
双城北	哈尔滨市
双城堡	哈尔滨市
双峰北	娄底市
双水镇	江门市
双河镇	吉林市
双洋	龙岩市
双流机场	成都市
双流西	成都市
双牌	永州市
双辽	四平市
双阳	长春市
双鸭山	双鸭山市
双龙湖	哈尔滨市
发耳	六盘水市
口前	吉林市
古东	太原市
古交	太原市
古北口	北京市
古城镇	牡丹江市
古浪	武威市
古田	宁德市
古田会址	龙岩市
古田北	宁德市
古莲	大兴安岭地区
古镇	中山市
句容西	镇江市
台前	濮阳市
台安	鞍山市
台安南	鞍山市
台山	江门市
台州	台州市
叶城	喀什地区
叶柏寿	朝阳市
司家岭	济南市
合川	重庆市
合浦	北海市
合肥	合肥市
合肥北城	合肥市
合肥南	合肥市
合肥西	合肥市
合阳	渭南市
合阳北	渭南市
吉安	吉安市
吉文	呼伦贝尔市
吉林	吉林省
吉舒	吉林市
吉首	湘西土家族苗族自治州
同心	吴忠市
同江	佳木斯市
名山	雅安市
后湖	武汉市
吐列毛杜	兴安盟
吐哈	吐鲁番市
吐鲁番	吐鲁番市
吐鲁番北	吐鲁番市
向塘	南昌市
向阳	牡丹江市
吕梁	吕梁市
启东	南通市
吴圩	南宁市
吴堡	榆林市
吴官田	曲靖市
吴家屯	沈阳市
吴家川	白银市
吴川	湛江市
吴桥	沧州市
周口	周口市
周家	哈尔滨市
周家屯	锦州市
周水子	大连市
呼兰	哈尔滨市
呼和浩特	呼和浩特市
呼和浩特东	呼和浩特市
呼鲁斯太	阿拉善盟
咋子	白山市
和什托洛盖	塔城地区
和平	河源市
和田	和田地区
和硕	巴音郭楞蒙古自治州
和静	巴音郭楞蒙古自治州
和龙	延边朝鲜族自治州
咸宁	咸宁市
咸宁东	咸宁市
咸宁北	咸宁市
咸宁南	咸宁市
咸阳	咸阳市
咸阳秦都	咸阳市
哈密	哈密市
哈尔滨	哈尔滨市
哈尔滨东	哈尔滨市
哈尔滨北	哈尔滨市
哈尔滨西	哈尔滨市
哈拉海	长春市
哈拉苏	呼伦贝尔市
哈达铺	陇南市
响水县	盐城市
哲里木	通辽市
唐家湾	珠海市
唐山	唐山市
唐山北	唐山市
唐河	南阳市
唐海南	唐山市
商丘	商丘市
商丘南	商丘市
商南	商洛市
商城	信阳市
商河	济南市
商洛	商洛市
商都	乌兰察布市
喀什	喀什地区
喀喇其	呼伦贝尔市
喀左	朝阳市
喇嘛甸	大庆市
喜德	凉山彝族自治州
嘉兴	嘉兴市
嘉兴南	嘉兴市
嘉善	嘉兴市
嘉善南	嘉兴市
嘉峪关	嘉峪关市
嘉峪关南	嘉峪关市
嘉峰	晋城市
嘉祥	济宁市
嘎什甸子	通辽市
四会	肇庆市
四合永	承德市
四平	四平市
四平东	四平市
四方台	绥化市
四棵树	塔城地区
四道湾	赤峰市
团结	齐齐哈尔市
园墩	武威市
固原	固原市
固始	信阳市
固安	廊坊市
固镇	蚌埠市
图们	延边朝鲜族自治州
图们北	延边朝鲜族自治州
图强	大兴安岭地区
图里河	呼伦贝尔市
土地堂东	咸宁市
土桥子	中卫市
土溪	达州市
土牧尔台	乌兰察布市
土贵乌拉	乌兰察布市
土门子	武威市
坂田	深圳市
坡底下	兰州市
坪上	临沂市
坪石	韶关市
垫江	重庆市
城固	汉中市
城固北	汉中市
城子坦	大连市
城西	海口市
城阳	青岛市
塔哈	齐齐哈尔市
塔城	塔城地区
塔尔气	呼伦贝尔市
塔崖驿	保定市
塔河	大兴安岭地区
塔石嘴	楚雄彝族自治州
塘沽	天津市
塘豹	怀化市
墨玉	和田地区
壮志	大庆市
复盛	重庆市
夏官营	兰州市
夏格庄	青岛市
夏石	崇左市
夏邑县	商丘市
大丰	株洲市
大余	赣州市
大元	南宁市
大关	昭通市
大兴	齐齐哈尔市
大兴沟	延边朝鲜族自治州
大其拉哈	呼伦贝尔市
大冶北	黄石市
大口屯	天津市
大同	大同市
大坝	吴忠市
大埔	梅州市
大堡	丹东市
大孤山	丹东市
大安	白城市
大安北	白城市
大官屯	抚顺市
大屯	长春市
大巴	阜新市
大平房	朝阳市
大庆	大庆市
大庆东	大庆市
大庆西	大庆市
大成	沈阳市
大战场	中卫市
大拟	钦州市
大方南	毕节市
大旺	肇庆市
大明湖	济南市
大朗镇	东莞市
大杖子	承德市
大杨树	呼伦贝尔市
大板	赤峰市
大林	通辽市
大武口	石嘴山市
大涧	大同市
大湾子	楚雄彝族自治州
大灰厂	北京市
大王滩	南宁市
大理	大理白族自治州
大田边	曲靖市
大盘石	保定市
大石头	延边朝鲜族自治州
大石头南	延边朝鲜族自治州
大石寨	兴安盟
大石桥	营口市
大磴沟	石嘴山市
大禾塘	邵阳市
大竹园	安康市
大红旗	沈阳市
大英东	遂宁市
大苴	楚雄彝族自治州
大荔	渭南市
大营	忻州市
大营子	朝阳市
大营镇	衡水市
大虎山	锦州市
大足南	重庆市
大连	大连市
大连北	大连市
大连西	大连市
大通西	西宁市
大邑	成都市
大阳	本溪市
大陆号	乌兰察布市
大雁	呼伦贝尔市
大青沟	通辽市
天义	赤峰市
天岗	吉林市
天柱山	安庆市
天桥岭	延边朝鲜族自治州
天水	天水市
天水南	天水市
天河机场	武汉市
天河街	武汉市
天津	天津市
天津北	天津市
天津南	天津市
天津西	天津市
天祝	武威市
天镇	大同市
天门	湖北省-自治区直辖县级行政区划
天门南	湖北省-自治区直辖县级行政区划
太原	太原市
太原东	太原市
太原北	太原市
太原南	太原市
太和北	阜阳市
太姥山	宁德市
太平川	松原市
太平镇	双鸭山市
太湖	安庆市
太谷	晋中市
太谷西	晋中市
太阳升	大庆市
太阳山	吴忠市
夹心子	大连市
奇峰塔	保定市
奈曼	通辽市
奈林皋	朝阳市
奉化	宁波市
奎屯	伊犁哈萨克自治州
奎山	牡丹江市
如东	南通市
如皋	南通市
始兴	韶关市
姚千户屯	沈阳市
姚安	楚雄彝族自治州
姚家	长春市
姚渡	广元市
姜堰	泰州市
姜家	绥化市
威海	威海市
威海北	威海市
威箐	六盘水市
威舍	黔西南布依族苗族自治州
威虎岭北	延边朝鲜族自治州
娄山关南	遵义市
娄底	娄底市
娄底南	娄底市
娄烦	太原市
娘子关	阳泉市
婺源	上饶市
嫩江	黑河市
子洲	榆林市
子长	延安市
孙吴	黑河市
孙家	哈尔滨市
孙镇	渭南市
孝南	吕梁市
孝感	孝感市
孝感东	孝感市
孝感北	孝感市
孝西	吕梁市
孟家岗	佳木斯市
孟庄	保定市
孤家子	沈阳市
孤山口	北京市
宁东	银川市
宁东南	银川市
宁乡	长沙市
宁国	宣城市
宁安	牡丹江市
宁家	兴安盟
宁强南	汉中市
宁德	宁德市
宁明	崇左市
宁村	南宁市
宁武	忻州市
宁波	宁波市
宁波东	宁波市
宁海	宁波市
宁陵县	商丘市
安亭北	上海市
安仁	郴州市
安化	益阳市
安口窑	平凉市
安图	延边朝鲜族自治州
安图西	延边朝鲜族自治州
安塘	忻州市
安多	那曲市
安定	北京市
安家	哈尔滨市
安平	辽阳市
安广	白城市
安庆	安庆市
安庆西	安庆市
安康	安康市
安德	成都市
安江东	怀化市
安溪	泉州市
安达	绥化市
安阳	安阳市
安阳东	安阳市
安陆	孝感市
安靖	成都市
安顺	安顺市
安顺西	安顺市
安龙	黔西南布依族苗族自治州
宋	绥化市
宋城路	开封市
宏克力	哈尔滨市
宏庆	陇南市
官厅	张家口市
官厅西	张家口市
官字井	松原市
官高	北京市
定南	赣州市
定州	保定市
定州东	保定市
定襄	忻州市
定西	定西市
定西北	定西市
定边	榆林市
定远	滁州市
定陶	菏泽市
宜兴	无锡市
宜城	襄阳市
宜宾	宜宾市
宜宾西	宜宾市
宜州	河池市
宜昌	宜昌市
宜昌东	宜昌市
宜春	宜春市
宜春西	宜春市
宜耐	昆明市
宜良北	昆明市
宝丰	平顶山市
宝华山	镇江市
宝坻	天津市
宝拉格	乌兰察布市
宝林	牡丹江市
宝泉岭	鹤岗市
宝清	双鸭山市
宝鸡	宝鸡市
宝鸡南	宝鸡市
宝龙山	通辽市
宣化	张家口市
宣和	中卫市
宣城	宣城市
宣威	曲靖市
宣汉	达州市
容县	玉林市
容桂	佛山市
宽甸	丹东市
宾州	哈尔滨市
宾西北	哈尔滨市
宾阳	南宁市
宿州	宿州市
宿州东	宿州市
宿松	安庆市
密云北	北京市
密山	鸡西市
富县	延安市
富县东	渭南市
富宁	文山壮族苗族自治州
富川	贺州市
富拉尔基	齐齐哈尔市
富海	齐齐哈尔市
富源	曲靖市
富源北	曲靖市
富裕	齐齐哈尔市
富锦	佳木斯市
富阳	杭州市
寒岭	辽阳市
寒葱沟	佳木斯市
察素齐	呼和浩特市
寮步	东莞市
对青山	哈尔滨市
寿阳	晋中市
射阳	盐城市
将乐	三明市
小东	锦州市
小哨	昆明市
小寺沟	承德市
小岭	哈尔滨市
小市	本溪市
小得江	曲靖市
小扬气	大兴安岭地区
小新街	昆明市
小月旧	楚雄彝族自治州
小村	楚雄彝族自治州
小榄	中山市
小河沿	赤峰市
小河镇	安康市
小董	钦州市
小西庄	保定市
小金口	惠州市
小雨谷	六盘水市
尖山	长沙市
尖峰	海南省-自治区直辖县级行政区划
尚家	绥化市
尚志	哈尔滨市
尚志南	哈尔滨市
尤溪	三明市
尹地	楚雄彝族自治州
尼勒克	伊犁哈萨克自治州
尼木	拉萨市
屏山	宜宾市
屏边	红河哈尼族彝族自治州
山丹	张掖市
山坡东	咸宁市
山城镇	通化市
山市	牡丹江市
山河屯	哈尔滨市
山海关	秦皇岛市
山阴	朔州市
岐山	宝鸡市
岑溪	梧州市
岔江	黔西南布依族苗族自治州
岚县	吕梁市
岚山西	日照市
岢岚	忻州市
岩会	阳泉市
岱岳	朔州市
岳家井	阿拉善盟
岳池	广安市
岳阳	岳阳市
岳阳东	岳阳市
岷县	定西市
峡江	吉安市
峨眉	乐山市
峨眉山	乐山市
峨边	乐山市
峻德	鹤岗市
崇仁	抚州市
崇州	成都市
崇左	崇左市
崔黄口	天津市
崖州	三亚市
嵩明	昆明市
嵯岗	呼伦贝尔市
巢湖	合肥市
巢湖东	合肥市
工农湖	松原市
左岭	武汉市
巨宝	松原市
巨野	菏泽市
巩义	郑州市
巩义南	郑州市
巴东	恩施土家族苗族自治州
巴中	巴中市
巴中东	巴中市
巴山	汉中市
巴彦高勒	巴彦淖尔市
巴林	呼伦贝尔市
巴楚	喀什地区
布列开	伊犁哈萨克自治州
布海	长春市
师宗	曲靖市
师庄	攀枝花市
带岭	伊春市
常山	衢州市
常州	常州市
常州北	常州市
常平	东莞市
常平东	东莞市
常平南	东莞市
常庄	济南市
常德	常德市
帽儿山	哈尔滨市
帽儿山西	哈尔滨市
干塘	中卫市
干沟	通化市
平关	六盘水市
平凉	平凉市
平凉南	平凉市
平南南	贵港市
平原	德州市
平原东	德州市
平原堡	张掖市
平台	白城市
平坝南	安顺市
平型关	大同市
平安	吉林市
平安镇	白城市
平安驿	海东市
平山	哈尔滨市
平岗	辽源市
平峪	北京市
平庄	赤峰市
平庄南	赤峰市
平度	青岛市
平房	哈尔滨市
平旺	大同市
平昌	巴中市
平果	百色市
平河口	曲靖市
平泉	承德市
平泉北	承德市
平洋	齐齐哈尔市
平湖	深圳市
平田	六盘水市
平社	忻州市
平遥	晋中市
平遥古城	晋中市
平邑	临沂市
平阳	温州市
平顶山	平顶山市
平顶山西	平顶山市
广元	广元市
广元南	广元市
广南卫	昆明市
广南县	文山壮族苗族自治州
广宁	肇庆市
广宁寺	大连市
广宁寺南	大连市
广安	广安市
广安南	广安市
广州	广州市
广州东	广州市
广州北	广州市
广州南	广州市
广州西	广州市
广德	宣城市
广水	随州市
广汉	德阳市
广汉北	德阳市
广通北	楚雄彝族自治州
庄桥	宁波市
庄河北	大连市
庆丰	松原市
庆安	绥化市
庆盛	广州市
庆阳山	阿拉善盟
庐山	九江市
庐江	合肥市
库伦	通辽市
库尔勒	巴音郭楞蒙古自治州
库车	阿克苏地区
库都尔	呼伦贝尔市
应县	朔州市
应城	孝感市
庙城	北京市
庙山	武汉市
庙岭	延边朝鲜族自治州
庙庄	平凉市
康城	邯郸市
康庄	北京市
康熙岭	钦州市
康金井	哈尔滨市
廉江	湛江市
廊坊	廊坊市
廊坊北	廊坊市
延吉	延边朝鲜族自治州
延吉西	延边朝鲜族自治州
延安	延安市
延平西	南平市
延庆	北京市
建三江	佳木斯市
建始	恩施土家族苗族自治州
建宁县北	三明市
建安	辽源市
建德	杭州市
建昌	葫芦岛市
建水	红河哈尼族彝族自治州
建湖	盐城市
建瓯	南平市
建瓯西	南平市
建设	白城市
建阳	南平市
开化	衢州市
开原	铁岭市
开原西	铁岭市
开安	长春市
开封	开封市
开封北	开封市
开平南	江门市
开江	达州市
开福寺	长沙市
开阳	贵阳市
开鲁	通辽市
弋江	芜湖市
弋阳	上饶市
弓棚子	松原市
张兰	晋中市
张家口	张家口市
张家口南	张家口市
张家川	天水市
张家界	张家界市
张掖	张掖市
张掖西	张掖市
张桥	渭南市
张百湾	承德市
张维屯	绥化市
张辛	北京市
弥勒	红河哈尼族彝族自治州
弥渡	大理白族自治州
归流河	兴安盟
当涂东	马鞍山市
当阳	宜昌市
彝良	昭通市
彬州	咸阳市
彭山	眉山市
彭山北	眉山市
彭州	成都市
彭州南	成都市
彭水	重庆市
彭泽	九江市
彭阳	固原市
彰武	阜新市
徐家	哈尔滨市
徐家店	烟台市
徐州	徐州市
徐州东	徐州市
徐水	保定市
徐闻	湛江市
得耳布尔	呼伦贝尔市
得莫利	哈尔滨市
徘徊北	邯郸市
微子镇	长治市
德令哈	海西蒙古族藏族自治州
德伯斯	兴安盟
德保	百色市
德兴	上饶市
德兴东	上饶市
德安	九江市
德州	德州市
德州东	德州市
德惠	长春市
德惠西	长春市
德昌	凉山彝族自治州
德清	湖州市
德清西	湖州市
德阳	德阳市
徽县	陇南市
忻州	忻州市
忻州西	忻州市
怀仁	朔州市
怀仁东	朔州市
怀化	怀化市
怀化南	怀化市
怀柔	北京市
怀柔北	北京市
怀集	肇庆市
恩平	江门市
恩施	恩施土家族苗族自治州
恭城	桂林市
息县	信阳市
息烽	贵阳市
悬钟	邯郸市
惠东	惠州市
惠农	石嘴山市
惠安	泉州市
惠山	无锡市
惠州	惠州市
惠州南	惠州市
惠州西	惠州市
惠环	惠州市
慈利	张家界市
成吉思汗	呼伦贝尔市
成都	成都市
成都东	成都市
成都南	成都市
成都西	成都市
成高子	哈尔滨市
戚墅堰	常州市
扎兰屯	呼伦贝尔市
扎赉诺尔西	呼伦贝尔市
扎鲁特	通辽市
打柴沟	武威市
托克托东	呼和浩特市
扬州	扬州市
扶余	松原市
扶余北	松原市
扶绥	崇左市
承德	承德市
承德东	承德市
承德南	承德市
承德县北	承德市
抚宁	秦皇岛市
抚州	抚州市
抚州东	抚州市
抚州北	抚州市
抚松	白山市
抚远	佳木斯市
抚顺	抚顺市
抚顺北	抚顺市
拉古	牡丹江市
拉哈	齐齐哈尔市
拉林	哈尔滨市
拉萨	拉萨市
拉鲊	攀枝花市
招柏	大同市
换新天	佳木斯市
揭阳	揭阳市
攀枝花	攀枝花市
攸县	株洲市
攸县南	株洲市
敖力布告	通辽市
敖汉	赤峰市
敦化	延边朝鲜族自治州
敦煌	酒泉市
文地	玉林市
文安	廊坊市
文昌	海南省-自治区直辖县级行政区划
文水	吕梁市
文登	威海市
文登东	威海市
斜河涧	北京市
新乐	石家庄市
新乡	新乡市
新乡东	新乡市
新会	江门市
新余	新余市
新余北	新余市
新保安	张家口市
新兴县	云浮市
新化	娄底市
新化南	娄底市
新华	鹤岗市
新华屯	大庆市
新县	信阳市
新友谊	双鸭山市
新和	阿克苏地区
新坪田	黔西南布依族苗族自治州
新城子	沈阳市
新安	曲靖市
新安县	洛阳市
新帐房	呼伦贝尔市
新干	吉安市
新晃	怀化市
新晃西	怀化市
新李	平凉市
新杖子	承德市
新松浦	哈尔滨市
新林	大兴安岭地区
新民	沈阳市
新民北	沈阳市
新江	攀枝花市
新沂	徐州市
新津	成都市
新津南	成都市
新窝铺	赤峰市
新立屯	锦州市
新立镇	长春市
新绛	运城市
新绰源	呼伦贝尔市
新肇	大庆市
新邱	阜新市
新郑机场	郑州市
新都东	成都市
新阳镇	天水市
新青	伊春市
新香坊北	哈尔滨市
方正	哈尔滨市
施家嘴	昆明市
施秉	黔东南苗族侗族自治州
旅顺	大连市
旌德	宣城市
旗下营	乌兰察布市
旗下营南	乌兰察布市
无为	芜湖市
无为南	芜湖市
无锡	无锡市
无锡东	无锡市
无锡新区	无锡市
日喀则	日喀则市
日照	日照市
日照西	日照市
旧庄窝	张家口市
旬阳	安康市
旬阳北	安康市
旺苍	广元市
昂昂溪	齐齐哈尔市
昆山	苏州市
昆山南	苏州市
昆明	昆明市
昆明南	昆明市
昆明西	昆明市
昆玉	新疆维吾尔自治区-自治区直辖县级行政区划
昆都仑召	包头市
昆阳	昆明市
昌乐	潍坊市
昌图	铁岭市
昌图西	铁岭市
昌平	北京市
昌平北	北京市
昌黎	秦皇岛市
明光	滁州市
明城	吉林市
明水河	兴安盟
明港	信阳市
明港东	信阳市
明珠	珠海市
春湾	阳江市
春阳	延边朝鲜族自治州
昭化	广元市
昭山	湘潭市
昭通	昭通市
晋中	晋中市
晋城	晋城市
晋城北	晋城市
晋州	石家庄市
晋江	泉州市
晏城	德州市
晨明	伊春市
普兰店	大连市
普宁	揭阳市
普安	武汉市
普安县	黔西南布依族苗族自治州
普定	安顺市
普湾	大连市
普者黑	文山壮族苗族自治州
普雄	凉山彝族自治州
景州	衡水市
景德镇	景德镇市
景德镇北	景德镇市
景泰	白银市
暖泉	银川市
暮云	长沙市
曲水县	拉萨市
曲江	红河哈尼族彝族自治州
曲阜	济宁市
曲阜东	济宁市
曲靖	曲靖市
曲靖北	曲靖市
曹县	菏泽市
曹妃甸东	唐山市
曹妃甸港	唐山市
曹子里	天津市
曾口	巴中市
曾家坪子	昭通市
月亮田	六盘水市
月山	焦作市
朔州	朔州市
朗乡	伊春市
望都	保定市
朝天	广元市
朝天南	广元市
朝阳	朝阳市
朝阳南	朝阳市
朝阳地	承德市
朝阳川	延边朝鲜族自治州
朝阳湖	成都市
朝阳镇	通化市
木里图	通辽市
本溪	本溪市
本溪新城	本溪市
本溪湖	本溪市
朱家沟	牡丹江市
朱家窑	兰州市
朱日和	锡林郭勒盟
朱砂古镇	铜仁市
李家	黑河市
李家坪	兰州市
李旺	中卫市
李石寨	抚顺市
杏树	七台河市
杏树屯	大连市
杜家	哈尔滨市
杜尔伯特	大庆市
来宾	来宾市
来宾北	来宾市
来舟	南平市
杨岗	鸡西市
杨村	天津市
杨杖子	朝阳市
杨林	昆明市
杨柳青	天津市
杨树岭	承德市
杨桥	邵阳市
杨陵	西安市
杨陵南	咸阳市
杭州	杭州市
杭州东	杭州市
杭州南	杭州市
杭锦后旗	巴彦淖尔市
松原	松原市
松原北	松原市
松山湖北	东莞市
松树	大连市
松树镇	白山市
松桃	铜仁市
松江	上海市
松江南	上海市
松江河	白山市
松江镇	延边朝鲜族自治州
松河	六盘水市
松滋	荆州市
板城	保定市
板塘	湘潭市
林东	赤峰市
林口	牡丹江市
林海	大兴安岭地区
林源	大庆市
林盛堡	沈阳市
林西	赤峰市
果松	通化市
枝城	宜昌市
枝江北	宜昌市
枣庄	枣庄市
枣庄东	枣庄市
枣庄西	枣庄市
枣强	衡水市
枣林	忻州市
枣阳	襄阳市
枫林	黄石市
柏果	六盘水市
柞水	商洛市
查布嘎	赤峰市
查干湖	松原市
柳园	酒泉市
柳园南	酒泉市
柳州	柳州市
柳林南	吕梁市
柳树屯	葫芦岛市
柳江	柳州市
柳河	通化市
柴岗	长春市
柴沟堡	张家口市
柴河	牡丹江市
树木岭	长沙市
栟茶	南通市
株洲	株洲市
株洲南	株洲市
株洲西	株洲市
根河	呼伦贝尔市
格尔木	海西蒙古族藏族自治州
桂平	贵港市
桂林	桂林市
桂林北	桂林市
桂林西	桂林市
桃山	伊春市
桃村	烟台市
桃村北	烟台市
桐乡	嘉兴市
桐城	安庆市
桐子林	攀枝花市
桐庐	杭州市
桐柏	南阳市
桐梓	遵义市
桐梓东	遵义市
桐梓北	遵义市
桑园子	兰州市
桑根达来	锡林郭勒盟
桓台	淄博市
桥头	本溪市
桥西	嘉峪关市
桦南	佳木斯市
桦林	牡丹江市
梁山	济宁市
梁平	重庆市
梁平南	重庆市
梁底下	承德市
梅州	梅州市
梅河口	通化市
梧州	梧州市
梧州南	梧州市
梨树镇	鸡西市
棋子湾	海南省-自治区直辖县级行政区划
棕溪	安康市
棠海	楚雄彝族自治州
楚山	牡丹江市
楚雄	楚雄彝族自治州
楚雄南	楚雄彝族自治州
榆中	兰州市
榆林	榆林市
榆树	长春市
榆树台	沈阳市
榆树屯	齐齐哈尔市
榆树沟	承德市
榆次	晋中市
榆社	晋中市
榕江	黔东南苗族侗族自治州
槐荫	孝感市
樟木头	东莞市
樟木头东	东莞市
樟树	宜春市
樟树东	宜春市
横峰	上饶市
横沟桥东	咸宁市
横道河子	牡丹江市
横道河子东	牡丹江市
歙县	黄山市
歙县北	黄山市
正定	石家庄市
正定机场	石家庄市
正镶白旗	锡林郭勒盟
步行街	成都市
武义	金华市
武义北	金华市
武乡	长治市
武功	咸阳市
武夷山	南平市
武夷山东	南平市
武夷山北	南平市
武威	武威市
武威南	武威市
武安	邯郸市
武山	天水市
武当山	十堰市
武昌	武汉市
武汉	武汉市
武清	天津市
武穴	黄冈市
武胜	广安市
武陟	焦作市
武隆	重庆市
歪头山	本溪市
毛坝	达州市
毛坝关	安康市
毛陈	孝感市
民乐	张掖市
民和南	海东市
民权	商丘市
民权北	商丘市
水家湖	合肥市
水富	昭通市
水泉	朝阳市
水洋	长治市
水洞	通化市
水源	兰州市
永丰营	昆明市
永乐店	咸阳市
永修	九江市
永嘉	温州市
永城北	商丘市
永安	三明市
永安乡	鸡西市
永安南	三明市
永定	龙岩市
永寿	咸阳市
永川	重庆市
永川东	重庆市
永州	永州市
永康	金华市
永康南	金华市
永泰	福州市
永济	运城市
永济北	运城市
永登	兰州市
永福南	桂林市
永郎	凉山彝族自治州
汉中	汉中市
汉口	武汉市
汉寿	常德市
汉川	孝感市
汉沽	唐山市
汉源	雅安市
汉阴	安康市
汐子	赤峰市
汕头	汕头市
汕尾	汕尾市
汝州	平顶山市
汝箕沟	石嘴山市
汝阳	洛阳市
江华	永州市
江宁	南京市
江宁西	南京市
江山	衢州市
江所田	曲靖市
江桥	齐齐哈尔市
江永	永州市
江油	绵阳市
江油北	绵阳市
江津	重庆市
江源	白山市
江边村	抚州市
江都	扬州市
江门东	江门市
池州	池州市
汤原	佳木斯市
汤山城	丹东市
汤旺河	伊春市
汤池	齐齐哈尔市
汤逊湖	武汉市
汤阴	安阳市
汨罗	岳阳市
汨罗东	岳阳市
汪清	延边朝鲜族自治州
汾河	太原市
汾阳	吕梁市
沁县	长治市
沁阳	焦作市
沂南	临沂市
沂水	临沂市
沃皮	长春市
沈丘	周口市
沈家	哈尔滨市
沈家河	固原市
沈阳	沈阳市
沈阳东	沈阳市
沈阳北	沈阳市
沈阳南	沈阳市
沈阳西	沈阳市
沐滂	大理白族自治州
沙县	三明市
沙后所	葫芦岛市
沙坡头	中卫市
沙坪坝	重庆市
沙城	张家口市
沙岭子	张家口市
沙桥	楚雄彝族自治州
沙沱	六盘水市
沙河	邢台市
沙河口	大连市
沙河市	邢台市
沙海	朝阳市
沙湾县	塔城地区
沟帮子	锦州市
沥林北	惠州市
沧州	沧州市
沧州西	沧州市
沭阳	宿迁市
河口北	红河哈尼族彝族自治州
河口南	兰州市
河唇	湛江市
河津	运城市
河源	河源市
河边	忻州市
河间西	沧州市
治安	通辽市
沿河城	北京市
泉州	泉州市
泉州东	泉州市
泉阳	白山市
泊头	沧州市
法启	毕节市
泗县	宿州市
泗水	济宁市
泗洪	宿迁市
泗阳	宿迁市
泡子	阜新市
泥河子	锦州市
泥溪	宜宾市
泰和	吉安市
泰宁	三明市
泰安	泰安市
泰山	泰安市
泰州	泰州市
泰来	齐齐哈尔市
泽普	喀什地区
泽润里	楚雄彝族自治州
泾县	宣城市
泾川	平凉市
洋县西	汉中市
洋河	宿迁市
洛湾三江	贵阳市
洛门	天水市
洛阳	洛阳市
洛阳东	洛阳市
洛阳龙门	洛阳市
洞井	长沙市
洞口	邵阳市
洞庙河	承德市
洪河	佳木斯市
洪洞	临汾市
洪洞西	临汾市
洮南	白城市
流水沟	承德市
济南	济南市
济南东	济南市
济南西	济南市
济宁	济宁市
济源	河南省-省直辖县级行政区划
浑河	沈阳市
浠水	黄冈市
浩良河	伊春市
浮图峪	保定市
海  口东	海口市
海东西	海东市
海伦	绥化市
海北	绥化市
海口	海口市
海口东	海口市
海坨子	白城市
海城	鞍山市
海城西	鞍山市
海宁	嘉兴市
海宁西	嘉兴市
海安	南通市
海拉尔	呼伦贝尔市
海晏	海北藏族自治州
海林	牡丹江市
海林北	牡丹江市
海湾	上海市
海石湾	兰州市
海门	南通市
海阳北	烟台市
海龙	通化市
涉县	邯郸市
涞源	保定市
涟源	娄底市
涡阳	亳州市
涪陵	重庆市
涪陵北	重庆市
涵江	莆田市
涿州	保定市
涿州东	保定市
淄博	淄博市
淄博北	淄博市
淮北	淮北市
淮北北	淮北市
淮南	淮南市
淮南东	淮南市
淮安	淮安市
淮安南	淮安市
淮滨	信阳市
深井子	沈阳市
深圳	深圳市
深圳东	深圳市
深圳北	深圳市
深圳坪山	深圳市
深圳西	深圳市
深州	衡水市
清华园	北京市
清原	抚顺市
清徐	太原市
清水	酒泉市
清水北	酒泉市
清水县	天水市
清河	北京市
清河城	邢台市
清河门	阜新市
清河门北	阜新市
清涧县	榆林市
清远	清远市
渑池	三门峡市
渑池南	三门峡市
渠县	达州市
渠旧	崇左市
渠黎	崇左市
温岭	台州市
温州	温州市
温州南	温州市
温春	牡丹江市
温江	成都市
渭南	渭南市
渭南北	渭南市
渭南南	渭南市
渭南镇	天水市
渭津	辽源市
渭源	定西市
湖口	九江市
湖州	湖州市
湘乡	湘潭市
湘府路	长沙市
湘潭	湘潭市
湘潭北	湘潭市
湛江	湛江市
湛江西	湛江市
湟源	西宁市
湾沟	白山市
溆浦	怀化市
溆浦南	怀化市
源潭	清远市
源迁	淄博市
溧水	南京市
溧阳	常州市
滁州	滁州市
滁州北	滁州市
滕州	枣庄市
滕州东	枣庄市
满归	呼伦贝尔市
满洲里	呼伦贝尔市
滦县	唐山市
滦平	承德市
滦河	唐山市
滦河沿	承德市
滨州	滨州市
滨江	哈尔滨市
滨海	天津市
滨海北	天津市
滨海港	盐城市
滨海西	天津市
滴道	鸡西市
漠河	大兴安岭地区
漫水湾	凉山彝族自治州
漯河	漯河市
漯河西	漯河市
漳县	定西市
漳州	漳州市
漳州东	漳州市
漳平	龙岩市
漳平西	龙岩市
漳浦	漳州市
潍坊	潍坊市
潍坊北	潍坊市
潘家店	承德市
潜江	湖北省-自治区直辖县级行政区划
潞城	长治市
潢川	信阳市
潮州	潮州市
潮汕	潮州市
潮阳	汕头市
潼关	渭南市
潼南	重庆市
澄城	渭南市
澧县	常德市
濑湍	崇左市
濮阳	濮阳市
灌水	丹东市
火连寨	本溪市
灯塔	辽阳市
灵丘	大同市
灵宝	三门峡市
灵宝西	三门峡市
灵武	银川市
灵璧	宿州市
灵石	晋中市
灵石东	晋中市
炎陵	株洲市
烟台	烟台市
烟台南	烟台市
烟台西	烟台市
烟筒屯	大庆市
烟筒山	吉林市
热水	赤峰市
焉耆	巴音郭楞蒙古自治州
焦作	焦作市
焦作东	焦作市
照福铺	曲靖市
熊岳城	营口市
燕子砭	汉中市
燕家庄	泰安市
燕山	北京市
燕岗	乐山市
燕郊	廊坊市
牙克石	呼伦贝尔市
牙屯堡	怀化市
牛家	哈尔滨市
牛心台	本溪市
牛河梁	朝阳市
牟平	烟台市
牡丹江	牡丹江市
犀浦	成都市
犀浦东	成都市
犍为	乐山市
独山	黔南布依族苗族自治州
独立屯	大庆市
狮山	佛山市
狮山北	佛山市
狼尾山	张掖市
猛洞河	湘西土家族苗族自治州
玉屏	铜仁市
玉山	上饶市
玉山南	上饶市
玉林	玉林市
玉泉	哈尔滨市
玉溪	玉溪市
玉溪西	玉溪市
玉田县	唐山市
玉石	金昌市
玉舍	六盘水市
玉门	酒泉市
王兆屯	哈尔滨市
王团庄	吴忠市
王安镇	保定市
王家湾	兰州市
王家营西	昆明市
王岗	哈尔滨市
王府	松原市
王杨	伊春市
王瞳	衡水市
玛纳斯	昌吉回族自治州
玛纳斯湖	克拉玛依市
珞璜南	重庆市
珠斯花	通辽市
珠海	珠海市
珠海北	珠海市
珠琳	文山壮族苗族自治州
珠窝	北京市
班猫箐	昆明市
珲春	延边朝鲜族自治州
琼海	海南省-自治区直辖县级行政区划
瑞安	温州市
瑞昌	九江市
瑞昌西	九江市
瑞金	赣州市
璧山	重庆市
瓜州	酒泉市
瓢儿屯	抚顺市
瓦屋山	常州市
瓦房店	大连市
瓦房店西	大连市
瓦拉干	大兴安岭地区
瓦窑田	六盘水市
甘旗卡	通辽市
甘河	呼伦贝尔市
甘泉	延安市
甘泉北	延安市
甘洛	凉山彝族自治州
甘草店	兰州市
甘谷	天水市
田东	百色市
田东北	百色市
田师府	本溪市
田心东	株洲市
田林	百色市
田阳	百色市
甲山	承德市
电白	茂名市
甸心	楚雄彝族自治州
界首市	阜阳市
略阳	汉中市
疏勒	喀什地区
疏勒河	酒泉市
登沙河	大连市
白云鄂博	包头市
白城	白城市
白壁关	吕梁市
白奎堡	哈尔滨市
白山市	白山市
白文东	吕梁市
白旗	承德市
白水县	渭南市
白水江	汉中市
白水镇	曲靖市
白沙坡	曲靖市
白沙铺	黄石市
白沟	保定市
白河	延边朝鲜族自治州
白河东	安康市
白河县	安康市
白泉	辽源市
白洋淀	保定市
白涧	保定市
白狼	兴安盟
白石山	吉林市
白芨沟	石嘴山市
白银市	白银市
白银西	白银市
白音他拉	通辽市
白音华南	锡林郭勒盟
白音察干	乌兰察布市
白音胡硕	兴安盟
白马井	儋州市
白鸡坡	六盘水市
百宜	贵阳市
百浪	南宁市
百色	百色市
百里峡	保定市
皇姑屯	沈阳市
皋兰	兰州市
皮口	大连市
皮口南	大连市
皮山	和田地区
益阳	益阳市
盐城	盐城市
盐城北	盐城市
盐池	吴忠市
盐津	昭通市
盖州	营口市
盖州西	营口市
盘关	六盘水市
盘山	盘锦市
盘州	六盘水市
盘锦	盘锦市
盘锦北	盘锦市
盘龙城	武汉市
眉山	眉山市
眉山东	眉山市
石人	白山市
石人城	哈尔滨市
石嘴山	石嘴山市
石坝	吴忠市
石城	丹东市
石头	牡丹江市
石家庄	石家庄市
石家庄东	石家庄市
石家庄北	石家庄市
石山	锦州市
石岘	延边朝鲜族自治州
石岭	四平市
石峡子	武威市
石景山南	北京市
石林	昆明市
石林南	昆明市
石林西	昆明市
石柱县	重庆市
石桥	漯河市
石桥子	本溪市
石梯	达州市
石河子	新疆维吾尔自治区-自治区直辖县级行政区划
石泉县	安康市
石磷	鸡西市
石门县	邵阳市
石门县北	常德市
石龙	东莞市
砀山	宿州市
砀山南	宿州市
砚川	商洛市
确山	驻马店市
碧江	佛山市
碧鸡关	昆明市
碱厂	本溪市
碾子山	齐齐哈尔市
磁县	邯郸市
磁山	邯郸市
磁窑	泰安市
磁西	邯郸市
磐安镇	天水市
磐石	吉林市
磨刀石	牡丹江市
礼泉	咸阳市
祁东	衡阳市
祁东北	衡阳市
祁县	晋中市
祁县东	晋中市
祁家堡	本溪市
祁门	黄山市
祁阳	永州市
祁阳北	永州市
神头	朔州市
神州	海南省-自治区直辖县级行政区划
神木	榆林市
神木南	榆林市
神树	伊春市
神池	忻州市
祥云	大理白族自治州
祥云西	大理白族自治州
禄丰南	楚雄彝族自治州
福利区	兰州市
福利屯	双鸭山市
福安	宁德市
福山口	保定市
福山镇	海南省-自治区直辖县级行政区划
福州	福州市
福州  南	福州市
福州南	福州市
福泉	黔南布依族苗族自治州
福海	阿勒泰地区
福清	福州市
福田	深圳市
福鼎	宁德市
禹城	德州市
禹城东	德州市
离堆公园	成都市
秀山	重庆市
秀英	海口市
秦安	天水市
秦家	绥化市
秦家庄	忻州市
秦岭	宝鸡市
秦皇岛	秦皇岛市
秧草地	曲靖市
稷山	运城市
穆棱	牡丹江市
窑上	承德市
立志	大庆市
章丘	济南市
章丘北	济南市
章党	抚顺市
章古台	阜新市
端州	肇庆市
竹园坝	广元市
笔架山	双鸭山市
简阳	成都市
简阳南	成都市
米易	攀枝花市
米沙子	长春市
米脂	榆林市
精河	博尔塔拉蒙古自治州
精河南	博尔塔拉蒙古自治州
索伦	兴安盟
索图罕	呼伦贝尔市
紫荆关	保定市
紫阳	安康市
綦江	重庆市
綦江东	重庆市
繁峙	忻州市
繁昌西	芜湖市
红光镇	成都市
红兴隆	双鸭山市
红安	黄冈市
红安西	黄冈市
红寺堡	吴忠市
红山	伊春市
红岘台	白银市
红彦	呼伦贝尔市
红星	伊春市
红果	六盘水市
红江	楚雄彝族自治州
红砂岘	白银市
红花沟	赤峰市
纪家沟	承德市
纳雍	毕节市
纸坊东	武汉市
绅坊	温州市
织金	毕节市
织金北	毕节市
绍兴	绍兴市
绍兴东	绍兴市
绍兴北	绍兴市
经棚	赤峰市
绕阳河	锦州市
统军庄	北京市
绥中	葫芦岛市
绥中北	葫芦岛市
绥化	绥化市
绥德	榆林市
绥棱	绥化市
绥芬河	牡丹江市
绥阳	牡丹江市
绩溪北	宣城市
绩溪县	宣城市
绵阳	绵阳市
绿化	嘉峪关市
绿博园	郑州市
缙云	丽水市
缙云西	丽水市
罗城	河池市
罗山	信阳市
罗平	曲靖市
罗江	德阳市
罗江东	德阳市
罗源	福州市
羊堡	昆明市
羊尾哨	曲靖市
羊者窝	曲靖市
羊臼河	楚雄彝族自治州
羊草	绥化市
羊马	成都市
美兰	海口市
美溪	伊春市
老城镇	海南省-自治区直辖县级行政区划
老府	赤峰市
老莱	齐齐哈尔市
老营	白山市
老边	营口市
耒阳	衡阳市
耒阳西	衡阳市
聊城	聊城市
肃宁	沧州市
肇东	绥化市
肇庆	肇庆市
肇庆东	肇庆市
肥东	合肥市
背荫河	哈尔滨市
胜利镇	哈尔滨市
胜芳	廊坊市
胶州	青岛市
胶州北	青岛市
能家	朝阳市
自贡	自贡市
舍力虎	通辽市
舒兰	吉林市
舒城	六安市
良各庄	北京市
艾家村	吴忠市
艾河	保定市
芙蓉南	长沙市
芜湖	芜湖市
芦台	天津市
芦沟	曲靖市
芦溪	萍乡市
芦潮港	上海市
芨岭	金昌市
花博山	淄博市
花园	孝感市
花园口	大连市
花家庄	六盘水市
花山南	武汉市
花桥	苏州市
花棚子	攀枝花市
花湖	鄂州市
芷江	怀化市
苇子沟	延边朝鲜族自治州
苇河	哈尔滨市
苇河西	哈尔滨市
苍南	温州市
苍溪	广元市
苍石	抚顺市
苏家屯	沈阳市
苏尼特左旗	锡林郭勒盟
苏州	苏州市
苏州北	苏州市
苏州园区	苏州市
苏州新区	苏州市
英吉沙	喀什地区
英德	清远市
英德西	清远市
茂名	茂名市
茂名西	茂名市
茂林	四平市
茂舍祖	昆明市
范各庄	唐山市
范家屯	长春市
范镇	泰安市
茅岭	防城港市
茅草坪	六盘水市
茶卡	海西蒙古族藏族自治州
茶陵	株洲市
茶陵南	株洲市
荆州	荆州市
荆门	荆门市
草市	抚顺市
草河口	本溪市
草海	毕节市
荣成	威海市
荣昌	重庆市
荣昌北	重庆市
荷塘	湘潭市
莆田	莆田市
莎车	喀什地区
莒南	临沂市
莒县	日照市
莫尔道嘎	呼伦贝尔市
莱芜东	济南市
莱芜西	济南市
莱西	青岛市
莱西北	青岛市
莱阳	烟台市
莲江口	佳木斯市
获嘉	新乡市
菇园	通化市
菏泽	菏泽市
萍乡	萍乡市
萍乡北	萍乡市
营口	营口市
营口东	营口市
营城子	大连市
营山	南充市
营盘水	中卫市
营街	六盘水市
萧县北	宿州市
萨拉齐	包头市
落坡岭	北京市
落垡	廊坊市
葛店南	鄂州市
葛根庙	兴安盟
葡萄菁	毕节市
董家口	青岛市
葫芦岛	葫芦岛市
葫芦岛北	葫芦岛市
葵潭	揭阳市
蒙自	红河哈尼族彝族自治州
蒙自北	红河哈尼族彝族自治州
蒲城	渭南市
蒲城东	渭南市
蒲江	金华市
蓝村	青岛市
蓟州	天津市
蓟州北	天津市
蓬安	南充市
蓬溪	遂宁市
蓬莱市	烟台市
蔡家坡	宝鸡市
蔡家崖	吕梁市
蔡家沟	松原市
蔡山	黄冈市
蔺家楼	济南市
蕲春	黄冈市
藁城	石家庄市
藁城南	石家庄市
藤县	梧州市
虎什哈	承德市
虎林	鸡西市
虎石台	沈阳市
虎门	东莞市
虞城县	商丘市
虢镇	宝鸡市
蚌埠	蚌埠市
蚌埠南	蚌埠市
蛟河	吉林市
蛟河西	吉林市
蜀河	安康市
融安	柳州市
融水	柳州市
衡南	衡阳市
衡山	衡阳市
衡山西	衡阳市
衡水	衡水市
衡水北	衡水市
衡阳	衡阳市
衡阳东	衡阳市
衢州	衢州市
裴德	鸡西市
褚家湾	中卫市
襄垣	长治市
襄汾	临汾市
襄汾西	临汾市
襄河	黑河市
襄阳	襄阳市
襄阳东	襄阳市
西丰	铁岭市
西乌旗	锡林郭勒盟
西乡	汉中市
西八里	张家口市
西哲里木	兴安盟
西固	兰州市
西固城	兰州市
西大庙	承德市
西宁	西宁市
西安	西安市
西安北	西安市
西安南	西安市
西小召	巴彦淖尔市
西岗子	黑河市
西峡	南阳市
西平	驻马店市
西平西	东莞市
西昌	凉山彝族自治州
西昌南	凉山彝族自治州
西来	成都市
西林	伊春市
西柳	鞍山市
西渡	衡阳市
西湖东	惠州市
西街口	昆明市
西阳村	晋城市
西麻山	鸡西市
观沙岭	长沙市
角美	漳州市
讷河	齐齐哈尔市
许三湾	张掖市
许家台	兰州市
许家屯	大连市
许昌	许昌市
许昌东	许昌市
诏安	漳州市
诸城	潍坊市
诸暨	绍兴市
读书铺	昆明市
谢家镇	长春市
谭家井	武威市
谷城	襄阳市
谷山	长沙市
豆庄	邯郸市
豆张庄	天津市
豆罗	忻州市
贲红	乌兰察布市
贵安	贵阳市
贵定	黔南布依族苗族自治州
贵定北	黔南布依族苗族自治州
贵定南	黔南布依族苗族自治州
贵定县	黔南布依族苗族自治州
贵港	贵港市
贵溪	鹰潭市
贵阳	贵阳市
贵阳东	贵阳市
贵阳北	贵阳市
费县	临沂市
贺家店	天水市
贺州	贺州市
贺胜桥东	咸宁市
贾鲁河	郑州市
资中	内江市
资中北	内江市
资溪	抚州市
资阳	资阳市
资阳北	资阳市
赛汗塔拉	锡林郭勒盟
赣州	赣州市
赣榆	连云港市
赤壁	咸宁市
赤壁北	咸宁市
赤峰	赤峰市
赤峰西	赤峰市
赵光	黑河市
赵城	临汾市
赶水	重庆市
赶水东	重庆市
超梁沟	承德市
越西	凉山彝族自治州
路口铺	岳阳市
车转湾	曲靖市
轩岗	忻州市
轮台	巴音郭楞蒙古自治州
辛集	石家庄市
辛集南	石家庄市
辰清	黑河市
辰溪	怀化市
辽中	沈阳市
辽源	辽源市
辽阳	辽阳市
达坂城	乌鲁木齐市
达家沟	长春市
达州	达州市
达拉特旗	鄂尔多斯市
达拉特西	鄂尔多斯市
达连河	哈尔滨市
迁安	唐山市
迎宾路	成都市
迎春	鸡西市
运城	运城市
运城北	运城市
运粮河	开封市
近海	沈阳市
进贤	南昌市
进贤南	南昌市
连云港	连云港市
连云港东	连云港市
连山关	本溪市
连江	福州市
迤资	攀枝花市
通化	通化市
通化县	通化市
通北	黑河市
通安驿	定西市
通州	北京市
通州西	北京市
通榆	白城市
通沟	通化市
通海	玉溪市
通渭	定西市
通辽	通辽市
通远堡	丹东市
通远堡西	丹东市
通途	松原市
通道	怀化市
遂宁	遂宁市
遂平	驻马店市
遂溪	湛江市
道州	永州市
道清	白山市
道滘	东莞市
遵义	遵义市
遵义南	遵义市
遵义西	遵义市
邓州	南阳市
邛崃	成都市
邢台	邢台市
邢台东	邢台市
那曲	那曲市
那罗	南宁市
那铺	南宁市
邯郸	邯郸市
邯郸东	邯郸市
邳州	徐州市
邵东	邵阳市
邵家堂	兰州市
邵武	南平市
邵阳	邵阳市
邵阳北	邵阳市
邵阳西	邵阳市
邹城	济宁市
邹平	滨州市
郁南	云浮市
郑州	郑州市
郑州东	郑州市
郑州西	郑州市
郓城	菏泽市
郫县	成都市
郫县西	成都市
郭家店	四平市
郭磊庄	张家口市
郯城	临沂市
郴州	郴州市
郴州西	郴州市
都匀	黔南布依族苗族自治州
都匀东	黔南布依族苗族自治州
都昌	九江市
都格	六盘水市
都江堰	成都市
鄂尔多斯	鄂尔多斯市
鄂州	鄂州市
鄂州东	鄂州市
鄄城	菏泽市
鄠邑	西安市
鄯善	吐鲁番市
鄯善北	吐鲁番市
鄱阳	上饶市
酉阳	重庆市
酒泉	酒泉市
酒泉南	酒泉市
醴陵	株洲市
醴陵东	株洲市
里木店	绥化市
重庆	重庆市
重庆北	重庆市
重庆南	重庆市
重庆西	重庆市
野三坡	保定市
金华	金华市
金华南	金华市
金坑	本溪市
金城江	河池市
金宝屯	通辽市
金寨	六安市
金山北	上海市
金山屯	伊春市
金州	大连市
金昌	金昌市
金月湾	海南省-自治区直辖县级行政区划
金杖子	朝阳市
金沟屯	承德市
金河	呼伦贝尔市
金银潭	武汉市
金马村	昆明市
钟家村	渭南市
钟山	贺州市
钟山西	贺州市
钟祥	荆门市
钦州	钦州市
钦州东	钦州市
铁刹山	本溪市
铁力	伊春市
铁厂	通化市
铁厂沟	塔城地区
铁岭	铁岭市
铁岭西	铁岭市
铜仁	铜仁市
铜仁南	铜仁市
铜陵	铜陵市
铜陵北	铜陵市
银川	银川市
银浪	大庆市
银滩	儋州市
银瓶	东莞市
锡林浩特	锡林郭勒盟
锦州	锦州市
锦州南	铁岭市
锦河	黑河市
锦界	榆林市
镇城底	太原市
镇安	商洛市
镇平	南阳市
镇江	镇江市
镇江南	镇江市
镇西	白城市
镇赉	白城市
镇远	黔东南苗族侗族自治州
镜铁山	张掖市
长临河	合肥市
长兴	湖州市
长兴南	湖州市
长农	中卫市
长冲	大理白族自治州
长坡岭	曲靖市
长垣	新乡市
长城	白银市
长寿	重庆市
长寿北	重庆市
长寿湖	重庆市
长山屯	松原市
长岭子	大连市
长庆桥	庆阳市
长征	白银市
长春	长春市
长春南	长春市
长春西	长春市
长武	咸阳市
长汀	龙岩市
长汀南	龙岩市
长汀镇	牡丹江市
长沙	长沙市
长沙南	长沙市
长沙西	长沙市
长治	长治市
长治北	长治市
长流	海口市
长甸	丹东市
长葛	许昌市
长阳	宜昌市
门源	海北藏族自治州
闵集	孝感市
闻喜	运城市
闻喜西	运城市
闽清	福州市
闽清北	福州市
阆中	南充市
阎良	西安市
阜南	阜阳市
阜宁	盐城市
阜宁东	盐城市
阜新	阜新市
阜新南	阜新市
阜阳	阜阳市
防城港北	防城港市
阳东	阳江市
阳信	滨州市
阳城	晋城市
阳岔	通化市
阳平关	汉中市
阳新	黄石市
阳明堡	忻州市
阳春	阳江市
阳曲	太原市
阳曲西	太原市
阳朔	桂林市
阳江	阳江市
阳泉	阳泉市
阳泉北	阳泉市
阳泉曲	吕梁市
阳澄湖	苏州市
阳西	阳江市
阳谷	聊城市
阳邑	邯郸市
阳高	大同市
阿克苏	阿克苏地区
阿克陶	克孜勒苏柯尔克孜自治州
阿勒泰	阿勒泰地区
阿南庄	楚雄彝族自治州
阿图什	克孜勒苏柯尔克孜自治州
阿城	哈尔滨市
阿城北	哈尔滨市
阿尔山	兴安盟
阿尔山北	兴安盟
阿巴嘎旗	锡林郭勒盟
阿房宫	西安市
阿拉山口	博尔塔拉蒙古自治州
阿木尔	大兴安岭地区
阿里河	呼伦贝尔市
阿金	阜新市
阿龙山	呼伦贝尔市
陆丰	汕尾市
陆川	玉林市
陆良	曲靖市
陇南	陇南市
陇县	宝鸡市
陇西	定西市
陈官营	兰州市
陈相屯	沈阳市
陵城	德州市
陵水	海南省-自治区直辖县级行政区划
陶家屯	长春市
陶赖昭	松原市
隆化	承德市
隆回	邵阳市
隆安东	南宁市
隆昌	内江市
隆昌北	内江市
随州	随州市
雁栖湖	北京市
雁石南	龙岩市
雁翅	北京市
雁荡山	温州市
雅安	雅安市
集宁南	乌兰察布市
集安	通化市
雨格	六盘水市
零陵	永州市
雷州	湛江市
霍城	伊犁哈萨克自治州
霍尔果斯	伊犁哈萨克自治州
霍州	临汾市
霍州东	临汾市
霍林郭勒	通辽市
霍邱	六安市
霞浦	宁德市
露水河	白山市
霸州	廊坊市
霸州西	廊坊市
青县	沧州市
青城山	成都市
青堆	大连市
青山	牡丹江市
青岛	青岛市
青岛北	青岛市
青岛西	青岛市
青川	广元市
青州市	潍坊市
青州市北	潍坊市
青田	丽水市
青白江东	成都市
青神	眉山市
青莲	绵阳市
青铜峡	吴忠市
青龙	鸡西市
青龙山	淮北市
靖宇	白山市
靖州	怀化市
靖西	百色市
靖边	榆林市
靖远	白银市
靖远西	白银市
静海	天津市
革居	黔西南布依族苗族自治州
鞍山	鞍山市
鞍山西	鞍山市
韦庄	渭南市
韩城	渭南市
韩府湾	中卫市
韩麻营	承德市
韶关	韶关市
韶关东	韶关市
韶山	湘潭市
韶山南	湘潭市
项城	周口市
顺义	北京市
顺德	佛山市
顺德学院	佛山市
顺昌	南平市
颍上	阜阳市
额敏	塔城地区
额济纳	阿拉善盟
风陵渡	运城市
饶平	潮州市
饶阳	衡水市
首山	辽阳市
香兰	佳木斯市
香坊	哈尔滨市
香樟路	长沙市
香港西九龙	香港特别行政区
马三家	沈阳市
马兰	昌吉回族自治州
马林	赤峰市
马桥河	牡丹江市
马皇	钦州市
马莲河	牡丹江市
马踏	茂名市
马鞍山	马鞍山市
马鞍山东	马鞍山市
马龙	曲靖市
驻马店	驻马店市
驻马店西	驻马店市
驼腰岭	通化市
骆驼巷	兰州市
高台	张掖市
高台南	张掖市
高各庄	北京市
高安	宜春市
高密	潍坊市
高密北	潍坊市
高山子	锦州市
高州	茂名市
高平	晋城市
高村	太原市
高桥镇	葫芦岛市
高楞	哈尔滨市
高楼房	昆明市
高滩	安康市
高碑店	保定市
高碑店东	保定市
高花	沈阳市
高邑	石家庄市
高邑西	石家庄市
魏善庄	北京市
魏家泉	乌鲁木齐市
魏杖子	朝阳市
鲁山	平顶山市
鲁番	六盘水市
鲅鱼圈	营口市
鲘门	汕尾市
鸡东	鸡西市
鸡冠山	丹东市
鸡西	鸡西市
鸭园	通化市
鸳鸯镇	天水市
鹤北	鹤岗市
鹤壁	鹤壁市
鹤壁东	鹤壁市
鹤岗	鹤岗市
鹤庆	大理白族自治州
鹤立	佳木斯市
鹰手营子	承德市
鹰潭	鹰潭市
鹰潭北	鹰潭市
鹿寨	柳州市
鹿寨北	柳州市
鹿道	牡丹江市
麓谷	长沙市
麦园	龙岩市
麻城	黄冈市
麻城北	黄冈市
麻尾	黔南布依族苗族自治州
麻山	鸡西市
麻阳	怀化市
黄冈	黄冈市
黄冈东	黄冈市
黄冈西	黄冈市
黄口	宿州市
黄土店	北京市
黄山	黄山市
黄山北	黄山市
黄州	黄冈市
黄村	北京市
黄松甸	吉林市
黄柏	通化市
黄梅	黄冈市
黄河景区	郑州市
黄泥河	延边朝鲜族自治州
黄流	海南省-自治区直辖县级行政区划
黄瓜园	楚雄彝族自治州
黄石	黄石市
黄石东	黄石市
黄石北	黄石市
黄羊滩	银川市
黄羊镇	武威市
黄花筒	通辽市
黄陵	延安市
黄陵南	延安市
黎城	长治市
黎塘	南宁市
黑井	楚雄彝族自治州
黑冲滩	武威市
黑台	鸡西市
黑山北	锦州市
黑山寺	北京市
黑旺	淄博市
黑水	白城市
黑河	黑河市
黔江	重庆市
鼎湖东	肇庆市
鼎湖山	肇庆市
齐河	德州市
齐齐哈尔	齐齐哈尔市
齐齐哈尔南	齐齐哈尔市
龙丰	惠州市
龙井	延边朝鲜族自治州
龙华	衡水市
龙南	赣州市
龙口市	烟台市
龙嘉	长春市
龙塘坝	楚雄彝族自治州
龙山镇	漳州市
龙岩	龙岩市
龙川	河源市
龙市	吉安市
龙桥	合肥市
龙江	齐齐哈尔市
龙沟	武威市
龙泉寺	兰州市
龙洞堡	贵阳市
龙游	衢州市
龙爪沟	丹东市
龙里	黔南布依族苗族自治州
龙里北	黔南布依族苗族自治州
龙镇	黑河市
龙骨甸	楚雄彝族自治州
